Ses03F_impro07_M019	 Who-whooooo. Miss Acti- Acting Pants.	Ses03F-impro07-07-01-M019.wav	07
Ses05F_impro07_F016	 So should we get a place near campus? or-	Ses05F-impro07-07-01-F016.wav	07
Ses01F_impro01_M013	 Yeah.  Do you want to see my supervisor?  Huh? Yeah.  Do you want to see my supervisor?  Fine.  I'll be right back.	Ses01F-impro01-05-01-M013.wav	05
Ses05F_impro07_F024	 I- I hear the same.	Ses05F-impro07-07-01-F024.wav	07
Ses05F_impro07_F029	 Better than if I'd picked up and moved to Boston.	Ses05F-impro07-07-01-F029.wav	07
Ses05F_impro07_F035	 We should go apartment shop-er-hunting.	Ses05F-impro07-07-01-F035.wav	07
Ses03F_impro08_F010	 Sir, I'm very sorry, but this is the way it is.  This- We have no control over it.  It's going to take-  -but you have to be patient with us.  You can use a calling card.  We will give you a free calling card to use.	Ses03F-impro08-01-01-F010.wav	01
Ses01F_impro02_F012	 If not me then, who?	Ses01F-impro02-04-01-F012.wav	04
Ses01F_impro02_F015	 Last month--  Yeah.	Ses01F-impro02-04-01-F015.wav	04
Ses01F_impro02_F017	 We've got friends, that's why we moved here, huh?  Because there is a day care down the street.	Ses01F-impro02-04-01-F017.wav	04
Ses01F_impro02_M001	 I don't understand.  You've already done so much, I don't know why do you have to go back.	Ses01F-impro02-04-01-M001.wav	04
Ses01F_impro02_M011	 Yeah.	Ses01F-impro02-04-01-M011.wav	04
Ses05F_impro07_M018	 We should try to find, like, a party spot though, like you know where there's going to be a lot of parties, where there are cool people, though.  Do you know any people that might be out there?	Ses05F-impro07-07-01-M018.wav	07
Ses03F_impro08_M011	 I- I'm going to kill myself right now.	Ses03F-impro08-05-01-M011.wav	05
Ses05F_impro07_M027	 Uh huh, it will be awesome.	Ses05F-impro07-07-01-M027.wav	07
Ses01F_impro04_M002	 No.  There's regular jobs on there.	Ses01F-impro04-01-01-M002.wav	01
Ses05F_impro08_F014	 Okay so, I'll just look it up and you know see what's going on, maybe we can...	Ses05F-impro08-01-01-F014.wav	01
Ses01F_impro04_M013	 It's kind of helpful when getting a job.	Ses01F-impro04-01-01-M013.wav	01
Ses05F_impro08_F024	 Well I'll give you my direct line and my number so you can- you can  get directly to me.	Ses05F-impro08-01-01-F024.wav	01
Ses01F_impro04_M017	 No.  But it has an outline, you know.	Ses01F-impro04-01-01-M017.wav	01
Ses01F_impro04_M018	 I know.  Okay.  Well, um. Maybe--	Ses01F-impro04-01-01-M018.wav	01
Ses01F_impro04_M022	 maybe get a car.	Ses01F-impro04-01-01-M022.wav	01
Ses05F_impro08_M020	 Are you taking the late fee off of my account then?	Ses05F-impro08-01-01-M020.wav	01
Ses01F_impro04_F029	 Who do you think you are?	Ses01F-impro04-05-01-F029.wav	05
Ses01F_impro04_F030	 You are so high and mighty.  I just--	Ses01F-impro04-05-01-F030.wav	05
Ses05F_impro08_M007	 Like I know I paid last month, but it hasn't been paid and you charged me a late fee.	Ses05F-impro08-05-01-M007.wav	05
Ses01F_impro05_M007	 all right- okay.  And you lost your bag? Is that- that the issue?	Ses01F-impro05-01-01-M007.wav	01
Ses01F_impro05_M016	 No.  I'm just giving you money, the bag is gone.  If it's not here, I'm really sorry there is nothing I can do because...	Ses01F-impro05-01-01-M016.wav	01
Ses05F_impro07_F008	 Whoa.  What an idea.  Where would you want to live?	Ses05F-impro07-07-01-F008.wav	07
Ses01F_impro05_M022	 Okay. Calm-	Ses01F-impro05-01-01-M022.wav	01
Ses01F_impro05_M026	 You know, the airlines can not be held responsible for every bag of luggage that comes through here.	Ses01F-impro05-01-01-M026.wav	01
Ses01F_impro05_M029	 Well then maybe you can just call him and he can give you more money.  But right now all I can do--	Ses01F-impro05-01-01-M029.wav	01
Ses01F_impro05_M034	 If you want, you can write a letter.  I can give you the address. Yes.  An angry--	Ses01F-impro05-01-01-M034.wav	01
Ses01F_impro05_M035	 Or you can make a phone call.  But I think a letter might be a little more-- in my impression, letters have more...	Ses01F-impro05-01-01-M035.wav	01
Ses01F_impro05_F012	 Are there candid cameras?  Is this that movie? There's that show, right?  Airplane, airline.	Ses01F-impro05-05-01-F012.wav	05
Ses01F_impro05_F018	 Do you understand who my husband is?	Ses01F-impro05-05-01-F018.wav	05
Ses01F_impro05_F029	 I don't think you have done everything you could do because I don't have my bag here yet.	Ses01F-impro05-05-01-F029.wav	05
Ses01F_impro06_F009	 this woman came up and, you know, it was hers. It was her person that was there.	Ses01F-impro06-01-01-F009.wav	01
Ses01F_impro06_F016	 I brought- I brought Chuck with me. He went to Redlands, yeah, for the day.  We ran through the sprinklers.	Ses01F-impro06-01-01-F016.wav	01
Ses01F_impro06_M008	 How long were you there for?	Ses01F-impro06-01-01-M008.wav	01
Ses01F_impro06_M012	 Is it a big cemetery?	Ses01F-impro06-01-01-M012.wav	01
Ses01F_impro06_M013	 Oh, so they're like really old too, really old ones?	Ses01F-impro06-01-01-M013.wav	01
Ses01F_impro06_M016	 So she wrote a lot of poetry?	Ses01F-impro06-01-01-M016.wav	01
Ses01F_impro06_F010	 Yeah.  And she was like, that's pathetic, I hope you enjoy it.	Ses01F-impro06-04-01-F010.wav	04
Ses01F_impro06_F020	 It's weird.  Whenever I go back to town, I think of her.  I mean, it's like ... I mean we grew up together and she died when we were twenty one.  And yeah.  She had cancer, she had two brain tumors.	Ses01F-impro06-04-01-F020.wav	04
Ses01F_impro06_F021	 My best friend Heather.  She's got a- we have a- we built this like little--  There's a park, Prospect Park.  And there is like a garden section of it that we set up for her.	Ses01F-impro06-04-01-F021.wav	04
Ses01F_impro06_F023	 Umm. Yeah.	Ses01F-impro06-04-01-F023.wav	04
Ses01F_impro06_F026	 Some, I guess.  She memorized this one, John Dunn, it's called, Death Be Not Proud. and-	Ses01F-impro06-04-01-F026.wav	04
Ses01F_impro07_F004	 I don't know.  I spend so much time commuting as it is, I'd rather.	Ses01F-impro07-07-01-F004.wav	07
Ses01F_impro07_F009	 Yeah.  I'm not sure.	Ses01F-impro07-07-01-F009.wav	07
Ses01F_impro07_F012	 So I get to mold young minds. Mrs.?  That's my mother.	Ses01F-impro07-07-01-F012.wav	07
Ses01F_impro07_M003	 Oh-Yeah, I bet you're really excited. Oh.  That's what loans are for?  Right? Exactly.	Ses01F-impro07-07-01-M003.wav	07
Ses01F_impro07_M005	 This is so- I am so happy that you're going to stay.  You're not going to...We should totally throw a party.	Ses01F-impro07-07-01-M005.wav	07
Ses01F_impro07_M009	 Mmhmm. Mmhmm. Yay. So what major?  What are you doing?	Ses01F-impro07-07-01-M009.wav	07
Ses01F_impro07_M017	 Yay...School's fun.	Ses01F-impro07-07-01-M017.wav	07
Ses03M_impro01_M017	 Yes I will.  I'll have this [GARBAGE]	Ses03M-impro01-05-01-M017.wav	05
Ses03M_impro01_M023	 No.  I'm not going anywhere.  I'm staying here-- I am filling out right now okay just calm down. I'm filling out right now-- Just take the god damn piece of paper.	Ses03M-impro01-05-01-M023.wav	05
Ses03M_impro02_F014	 Carry her for nine months and then yes.	Ses03M-impro02-04-01-F014.wav	04
Ses03M_impro02_F017	 I'm sick of being strong-- --for us.	Ses03M-impro02-04-01-F017.wav	04
Ses03M_impro02_F026	 And this isn't the first time you know?  I mean you always...sending you off to different places and...	Ses03M-impro02-04-01-F026.wav	04
Ses03M_impro02_F029	 far away and he won't be here.	Ses03M-impro02-04-01-F029.wav	04
Ses03M_impro02_F030	 I'm done.  I can't honey.	Ses03M-impro02-04-01-F030.wav	04
Ses03M_impro02_F031	 It's over.	Ses03M-impro02-04-01-F031.wav	04
Ses05M_impro01_F012	 Yeah.  I know it's gonna take a minute.  But you-- so you might as well get started now.	Ses05M-impro01-01-01-F012.wav	01
Ses03M_impro02_M026	 maybe get some vacation-- --once it quiets down there.	Ses03M-impro02-04-01-M026.wav	04
Ses05M_impro01_F023	 Well, that's unfortunate, sir.  You're gonna have to go stand in the other line now.	Ses05M-impro01-05-01-F023.wav	05
Ses05M_impro01_M005	 I'm not getting a -- well, you wait in this line and not get an attitude.	Ses05M-impro01-05-01-M005.wav	05
Ses03M_impro02_M030	 You tell her-- [BREATHING]	Ses03M-impro02-04-01-M030.wav	04
Ses03M_impro02_M031	 What do you mean?	Ses03M-impro02-04-01-M031.wav	04
Ses05M_impro01_M015	 Wouldn't you? Oh, come on.  you just tell me.  You would make an exception for me.	Ses05M-impro01-05-01-M015.wav	05
Ses05M_impro02_F013	 Well, they're so young.	Ses05M-impro02-04-01-F013.wav	04
Ses03M_impro03_M028	 About two and a half weeks.	Ses03M-impro03-01-01-M028.wav	01
Ses03M_impro03_F005	 Oh like that one movie.  What's that one movie I just saw? No.  Where she like swallows the...	Ses03M-impro03-07-01-F005.wav	07
Ses03M_impro03_F006	 oh, I don't remember.  Everybody Says I Love You with Drew Barrymore...no you haven't seen it?  Okay.	Ses03M-impro03-07-01-F006.wav	07
Ses05M_impro02_M013	 I don't have -- I know.  What are we gonna- What are we- just run away?  What can I do?  Where can we go?	Ses05M-impro02-04-01-M013.wav	04
Ses03M_impro03_F023	 Wait, wait, wait I want you to marry me?  No, shouldn't you like be more like a question like, would you marry me?  Not like I want you to marry me.  It's like a demand.	Ses03M-impro03-07-01-F023.wav	07
Ses03M_impro03_M000	 Hey.	Ses03M-impro03-07-01-M000.wav	07
Ses03M_impro03_M001	 Esmeralda, guess what?	Ses03M-impro03-07-01-M001.wav	07
Ses05M_impro02_M029	 yeah yeah yeah.	Ses05M-impro02-04-01-M029.wav	04
Ses03M_impro04_F025	 -it's going to get better I promise you. You just got to hang in there. Everyone, I mean, you know?	Ses03M-impro04-01-01-F025.wav	01
Ses05M_impro03_F007	 Oh, my God.  That's so dramatic.	Ses05M-impro03-07-01-F007.wav	07
Ses05M_impro03_M003	 Oh my god, it was just last weekend.	Ses05M-impro03-07-01-M003.wav	07
Ses05M_impro04_F005	 Well, I mean, right now I'm just doing a little bit of everything.  And I don't- I don't think that I'm in like a profession, like career oriented place.	Ses05M-impro04-01-01-F005.wav	01
Ses03M_impro05a_F009	 Eight pieces of luggage.  Okay.	Ses03M-impro05a-01-01-F009.wav	01
Ses03M_impro05a_F018	 Sir, I just...you need to calm down is what needs to happen right now.	Ses03M-impro05a-05-01-F018.wav	05
Ses05M_impro04_F017	 Yeah.  That might be something you want to look at.  I mean --	Ses05M-impro04-01-01-F017.wav	01
Ses05M_impro04_F022	 Not- Not selling pot, right?	Ses05M-impro04-01-01-F022.wav	01
Ses05M_impro04_F029	 Have you checked out Craig's List and stuff?	Ses05M-impro04-01-01-F029.wav	01
Ses05M_impro04_F030	 What if you do kids parties? oh, come on.	Ses05M-impro04-01-01-F030.wav	01
Ses05M_impro04_M008	 You plan on being there forever? I mean, Like, what do you --	Ses05M-impro04-01-01-M008.wav	01
Ses03M_impro05a_M028	 Sir. Sir. Sir. Sir	Ses03M-impro05a-05-01-M028.wav	05
Ses03M_impro05b_F001	 Okay.  Well let's...well I'm going to go ahead and check on that for you.  You're coming from...where are you coming from?	Ses03M-impro05b-01-01-F001.wav	01
Ses05M_impro05_F005	 Yeah, well the chances of it being lost forever, you know, are slight because -- -- you were in the --	Ses05M-impro05-01-01-F005.wav	01
Ses03M_impro05b_F003	 Okay.  Let's look up here	Ses03M-impro05b-01-01-F003.wav	01
Ses05M_impro05_F006	 Well, I mean, you know that happens pretty often that sometimes baggage -- -- gets lost.	Ses05M-impro05-01-01-F006.wav	01
Ses03M_impro05b_F008	 the luggage was left in Baltimore.  Therefore--	Ses03M-impro05b-01-01-F008.wav	01
Ses05M_impro05_F014	 Um, well, there's not much I can do.  I can, you can file this report and we'll call you when it comes in.	Ses05M-impro05-01-01-F014.wav	01
Ses01M_impro01_F024	 Uh huh.  I didn't come here get in yelling match either.	Ses01M-impro01-01-01-F024.wav	01
Ses01M_impro01_M010	 No, I don't have a passport.	Ses01M-impro01-01-01-M010.wav	01
Ses01M_impro01_F008	 It's really simple if you have a problem with it... Maybe you should--	Ses01M-impro01-05-01-F008.wav	05
Ses03M_impro05b_F030	 Some refreshments in the lobby?	Ses03M-impro05b-01-01-F030.wav	01
Ses01M_impro01_M025	 I am not...I'm not getting to back that line.	Ses01M-impro01-05-01-M025.wav	05
Ses01M_impro01_M031	 Why, because I'm sick of talking to you.	Ses01M-impro01-05-01-M031.wav	05
Ses01M_impro01_M032	 'Cause you're obviously not talking to me, you're just yelling at me, berating me and telling me I can't fill out forms right.	Ses01M-impro01-05-01-M032.wav	05
Ses01M_impro02_F000	 What's happening?	Ses01M-impro02-01-01-F000.wav	01
Ses01M_impro02_M000	 Hey, Joy come in here.	Ses01M-impro02-01-01-M000.wav	01
Ses03M_impro05b_M011	 I'm going to San Diego tomorrow to stay with my family.  What do I need hotel lodging for hmmm?  Can you tell me that?	Ses03M-impro05b-05-01-M011.wav	05
Ses03M_impro05b_M013	 Wow.  Thank you.  Holiday Inn.  Wow.  Thank...the flight cost five hundred dollars.	Ses03M-impro05b-05-01-M013.wav	05
Ses03M_impro05b_M016	 Soon as you...that's not good enough okay?	Ses03M-impro05b-05-01-M016.wav	05
Ses03M_impro05b_M022	 Who are you going to fire because of that?	Ses03M-impro05b-05-01-M022.wav	05
Ses03M_impro05b_M023	 Wow.  This has never happened before.  I've not lost,	Ses03M-impro05b-05-01-M023.wav	05
Ses05M_impro06_F008	 Wow, Ryan I know that you are hurting right now but I don't think you always feel like that.	Ses05M-impro06-04-01-F008.wav	04
Ses01M_impro02_M007	 The National Guard is I guess really spread thin and then everyone has to go.  We all have to go back, my whole companies going back.	Ses01M-impro02-04-01-M007.wav	04
Ses03M_impro05b_M029	 Can you get it to the San Diego airport?  You get someone to drive it to my place alright? Then I get a refund for some...I get a free flight alright? I get free whatever.	Ses03M-impro05b-05-01-M029.wav	05
Ses03M_impro05b_M033	 I will never do business with Delta again.	Ses03M-impro05b-05-01-M033.wav	05
Ses05M_impro06_M008	 And he's gone now and I  -- I just can't believe it.	Ses05M-impro06-04-01-M008.wav	04
Ses05M_impro06_M012	 You think that things get easier, you know, as you as you get older and you -	Ses05M-impro06-04-01-M012.wav	04
Ses01M_impro02_M017	 I know I have a good... I have a really good group of guys with me.	Ses01M-impro02-04-01-M017.wav	04
Ses05M_impro06_M013	 and it just gets worse.  It just gets worse, everything is bad all the time; people die, your friends die, family dies, your best friends die. it's-	Ses05M-impro06-04-01-M013.wav	04
Ses01M_impro02_M019	 Do promise me you're going to take a lot of pictures.	Ses01M-impro02-04-01-M019.wav	04
Ses03M_impro06_F009	 How are they?	Ses03M-impro06-04-01-F009.wav	04
Ses05M_impro06_M014	 You always think, you know when you were- you know when you were a little kid and you think something is gonna happen, like, it will all be better when I am older, you know?	Ses05M-impro06-04-01-M014.wav	04
Ses03M_impro06_F013	 just things happen in life and you just...there's just no explanation you know?  We just don't...	Ses03M-impro06-04-01-F013.wav	04
Ses03M_impro06_M000	 I ah--	Ses03M-impro06-04-01-M000.wav	04
Ses03M_impro06_M004	 He was my only friend growing up.	Ses03M-impro06-04-01-M004.wav	04
Ses03M_impro06_M006	 He was supposed to be the best man at my wedding.	Ses03M-impro06-04-01-M006.wav	04
Ses03M_impro06_M009	 And he just took it overboard.	Ses03M-impro06-04-01-M009.wav	04
Ses03M_impro06_M012	 his girlfriend got killed too.	Ses03M-impro06-04-01-M012.wav	04
Ses01M_impro03_F014	 Dude, you lucked out.	Ses01M-impro03-07-01-F014.wav	07
Ses03M_impro06_M014	 The mother and father died--	Ses03M-impro06-04-01-M014.wav	04
Ses03M_impro06_M015	 and the kids are paralyzed in a coma right now.	Ses03M-impro06-04-01-M015.wav	04
Ses05M_impro07_F012	 I know.  I know.  I'm- I'm definitely -- I realize [LAUGHTER].	Ses05M-impro07-07-01-F012.wav	07
Ses03M_impro06_M023	 It's so fucked up.	Ses03M-impro06-04-01-M023.wav	04
Ses01M_impro03_M001	 This girl; she just offered me fifty thousand dollars to marry her.	Ses01M-impro03-07-01-M001.wav	07
Ses05M_impro07_M004	 oh, Theater. yeah, yeah.	Ses05M-impro07-07-01-M004.wav	07
Ses01M_impro03_M005	 That's like twenty five thousand dollar a year for doing nothing. Isn't that awesome?	Ses01M-impro03-07-01-M005.wav	07
Ses03M_impro06_M030	 I can't do that.	Ses03M-impro06-04-01-M030.wav	04
Ses05M_impro07_M018	 I just want to be really close to things, you know.  I know it's not exactly the best neighborhood in the entire world. But uh-	Ses05M-impro07-07-01-M018.wav	07
Ses05M_impro07_M022	 Exactly.  You make it what you make it. You know? Right? And I'm gonna make it so freaking awesome.	Ses05M-impro07-07-01-M022.wav	07
Ses01M_impro03_M023	 I'm going to marry a blue blood. [LAUGHTER]	Ses01M-impro03-07-01-M023.wav	07
Ses01M_impro04_F000	 You seem kind of down.	Ses01M-impro04-01-01-F000.wav	01
Ses05M_impro07_M028	 Not a lot.  I mean, I wouldn't want to live with more than three other people.  So, like four of us total, right?	Ses05M-impro07-07-01-M028.wav	07
Ses03M_impro07_M006	 I got into cinema production.	Ses03M-impro07-07-01-M006.wav	07
Ses03M_impro07_M013	 I have some bad news.  I was like what?  She's like not really you got into U.S.C. and I was like, I was like oh my God.  I was about to tear my own hair out.	Ses03M-impro07-07-01-M013.wav	07
Ses01M_impro04_F013	 Well, you know a little.  If you were to listen to--	Ses01M-impro04-01-01-F013.wav	01
Ses03M_impro07_M023	 Some miso soup.  You can get whatever.  You can get a vat full of miso soup.  God.	Ses03M-impro07-07-01-M023.wav	07
Ses01M_impro04_F020	 ...and you're always right.	Ses01M-impro04-01-01-F020.wav	01
Ses03M_impro08a_M001	 I'm sorry ma'am, what can I help you with?	Ses03M-impro08a-01-01-M001.wav	01
Ses03M_impro08a_M003	 Okay.  And your name is?	Ses03M-impro08a-01-01-M003.wav	01
Ses03M_impro08a_M006	 Um- I think part of it has to do with the network being down.  It's been having some trouble the last few weeks--	Ses03M-impro08a-01-01-M006.wav	01
Ses03M_impro08a_M007	 I understand--we're not-	Ses03M-impro08a-01-01-M007.wav	01
Ses03M_impro08a_M012	 Um- Let me connect you to my supervisor.  Actually, he's out right now so I'm supervisor until he comes back. Um-	Ses03M-impro08a-01-01-M012.wav	01
Ses05M_impro08_F017	 Uh, it it's like a bunch of different letter and numbers and stuff.	Ses05M-impro08-01-01-F017.wav	01
Ses05M_impro08_F018	 Uh huh, Okay.	Ses05M-impro08-01-01-F018.wav	01
Ses03M_impro08a_M018	 I'm really sorry ma'am.  There's not----a lot we can do for it.	Ses03M-impro08a-01-01-M018.wav	01
Ses01M_impro05_F007	 I'm just saying you don't need to talk to me like I-	Ses01M-impro05-01-01-F007.wav	01
Ses03M_impro08a_M020	 I'm sorry it has to do with an electrical power outage and stuff--	Ses03M-impro08a-01-01-M020.wav	01
Ses03M_impro08a_M021	 Well, okay I'm going to give you a free phone card that you can use at any payphone and that's on us. Okay?	Ses03M-impro08a-01-01-M021.wav	01
Ses05M_impro08_M004	 Hmm.  Mmm.	Ses05M-impro08-01-01-M004.wav	01
Ses05M_impro08_M005	 Has somebody tried to pin your site?	Ses05M-impro08-01-01-M005.wav	01
Ses03M_impro08a_M025	 My name is Sara.	Ses03M-impro08a-01-01-M025.wav	01
Ses05M_impro08_M008	 Okay.  Does your D.S.L. cable, you know, travel a long distance by any chance? - Does it go through any windows?  I mean, is it --	Ses05M-impro08-01-01-M008.wav	01
Ses05M_impro08_M010	 Yeah. That can be- That can create a bad connection.  And it won't always be a bad connection, but it will be bad off and on.	Ses05M-impro08-01-01-M010.wav	01
Ses05M_impro08_M013	 Okay.  We're gonna get your -- a little black box is going to come up.  Do you see that?	Ses05M-impro08-01-01-M013.wav	01
Ses05M_impro08_M020	 Well, if it does happen again, let me give you my direct number and you can call me.  Actually, I'll give you my cell number. Um- It's --	Ses05M-impro08-01-01-M020.wav	01
Ses05M_impro08_M027	 All right.  You have a wonderful day.  Call us anytime.	Ses05M-impro08-01-01-M027.wav	01
Ses03M_impro08b_M007	 Well, um- okay.  Your sim card is in- didn't fall out-	Ses03M-impro08b-01-01-M007.wav	01
Ses01M_impro05_M004	 Are you insinuating that I don't have a college education and that- for some reason that makes you a better person than I am?	Ses01M-impro05-05-01-M004.wav	05
Ses03M_impro08b_M008	 Alright.  Um- Well that could be the problem. cause--	Ses03M-impro08b-01-01-M008.wav	01
Ses01M_impro05_M020	 Probably people that work for your company huh?	Ses01M-impro05-05-01-M020.wav	05
Ses01M_impro05_M021	 Do you know what was in that little bag that I could have just easily put in overhead compartment but no I had to check?	Ses01M-impro05-05-01-M021.wav	05
Ses01M_impro05_M024	 Fifty dollars is not going to cover me for my job, okay?	Ses01M-impro05-05-01-M024.wav	05
Ses03M_impro08b_M020	 and battling through with us.	Ses03M-impro08b-01-01-M020.wav	01
Ses01M_impro06_F007	 Was it an accident?	Ses01M-impro06-01-01-F007.wav	01
Ses01M_impro06_F009	 Well, I'm confused.  He was sick or it was an accident?	Ses01M-impro06-01-01-F009.wav	01
Ses01M_impro06_F017	 The plans you make [GARBAGE].	Ses01M-impro06-01-01-F017.wav	01
Ses01M_impro06_F020	 It gets better.	Ses01M-impro06-01-01-F020.wav	01
Ses01M_impro06_F026	 It's good that you were there.	Ses01M-impro06-01-01-F026.wav	01
Ses01M_impro06_F028	 Are there things you wish you'd done differently?	Ses01M-impro06-01-01-F028.wav	01
Ses01M_impro06_F003	 I'm sorry to hear that.	Ses01M-impro06-04-01-F003.wav	04
Ses01M_impro06_F004	 You've been taking care of it all?	Ses01M-impro06-04-01-F004.wav	04
Ses01M_impro06_M007	 He kind of didn't have anyone to take care of that for him, so--	Ses01M-impro06-04-01-M007.wav	04
Ses01M_impro06_M015	 It's just really weird because he was really young you know and it kind of like...	Ses01M-impro06-04-01-M015.wav	04
Ses01M_impro06_M017	 So weird you know that like one days it's like you know sounds so stupid but like one day someone's here. And like next day you know they're not here and it just kind of makes you like think about like life and mortality and like that kind of stuff.  You just like used to take for granted--you know.	Ses01M-impro06-04-01-M017.wav	04
Ses01M_impro06_M026	 For like eight years.	Ses01M-impro06-04-01-M026.wav	04
Ses01M_impro06_M029	 So weird,	Ses01M-impro06-04-01-M029.wav	04
Ses01M_impro07_F020	 Oh. That is incredible. Is it--	Ses01M-impro07-01-01-F020.wav	01
Ses01M_impro07_F005	 That's amazing. They pay for everything?	Ses01M-impro07-07-01-F005.wav	07
Ses01M_impro07_F007	 That is incredible. Do you get like a per diem?	Ses01M-impro07-07-01-F007.wav	07
Ses01M_impro07_M002	 For softball.  They're going to pay me to go to school. Isn't that awesome?	Ses01M-impro07-07-01-M002.wav	07
Ses01M_impro07_M008	 But I don't know I want to live in the housing that they give me though 'cause I think I want to you know like get like a nicer place.	Ses01M-impro07-07-01-M008.wav	07
Ses01M_impro07_M010	 That's a really good idea. Or I could go to like Santa Monica. Go beach. Venice beach, yeah a little dirty though. I don't want to go to Venice beach. But - Malibu. All right.	Ses01M-impro07-07-01-M010.wav	07
Ses01M_impro07_M018	 I just got into it. I just kind of fell into it. Literally I was walking around and...	Ses01M-impro07-07-01-M018.wav	07
Ses04F_impro01_F009	 Okay.  What is it that I did wrong on the form that I have to start all over again?	Ses04F-impro01-05-01-F009.wav	05
Ses04F_impro01_F022	 Please just put the form in, take the picture, let me get my license and get the hell out of here.  Please.	Ses04F-impro01-05-01-F022.wav	05
Ses04F_impro02_F005	 Well you have to have faith because I don't have a choice and I have to go.	Ses04F-impro02-04-01-F005.wav	04
Ses04F_impro02_F011	 What's that supposed to mean?	Ses04F-impro02-04-01-F011.wav	04
Ses04F_impro02_M012	 I mean we can't-we're not a complete family without you here.	Ses04F-impro02-04-01-M012.wav	04
Ses04F_impro02_M024	 I don't know how else to leave it.  What, do you want me to lie to you?	Ses04F-impro02-04-01-M024.wav	04
Ses04F_impro02_F017	 Thanks that helps.	Ses04F-impro02-05-01-F017.wav	05
Ses04F_impro03_M021	 I know but you just asked me to-	Ses04F-impro03-01-01-M021.wav	01
Ses04F_impro03_M034	 Fried chicken, mashed potatoes.	Ses04F-impro03-01-01-M034.wav	01
Ses04F_impro03_F000	 I have something to tell you.	Ses04F-impro03-07-01-F000.wav	07
Ses04F_impro03_F007	 Well actually we were just talking about today and I don't really want to do like the traditional church thing, you know.  So we are going to get married in the meadow.	Ses04F-impro03-07-01-F007.wav	07
Ses04F_impro03_F048	 You really like	Ses04F-impro03-07-01-F048.wav	07
Ses04F_impro03_F050	 You could make her that excited.  You really like her.  You guys have been together for a really long time now.	Ses04F-impro03-07-01-F050.wav	07
Ses04F_impro03_M003	 Holy shit that's amazing.	Ses04F-impro03-07-01-M003.wav	07
Ses04F_impro03_M014	 Yeah.  I'll help plan.	Ses04F-impro03-07-01-M014.wav	07
Ses04F_impro03_M037	 I'm thrilled.  God.	Ses04F-impro03-07-01-M037.wav	07
Ses04F_impro04_M005	 Hey.  Look, I mean- you know.	Ses04F-impro04-01-01-M005.wav	01
Ses04F_impro04_M018	 Are you- I mean do you like get dressed up and everything when you go to the job interview?	Ses04F-impro04-01-01-M018.wav	01
Ses04F_impro04_M020	 and I want- I mean you know you've got to, like, do your hair.  I mean- I don't know, it's like,	Ses04F-impro04-01-01-M020.wav	01
Ses04F_impro04_M022	 or some- some large percent of- of success.	Ses04F-impro04-01-01-M022.wav	01
Ses04F_impro04_M030	 I don't know it's like I'm trying to be-	Ses04F-impro04-01-01-M030.wav	01
Ses04F_impro04_M033	 I'm trying to watch TV.	Ses04F-impro04-01-01-M033.wav	01
Ses04F_impro04_F006	 What?  Who says that?  Bananas don't grow overnight.	Ses04F-impro04-05-01-F006.wav	05
Ses02F_impro01_M001	 Okay.  Let me see here.  Um, we need--we need your original birth certificate.	Ses02F-impro01-01-01-M001.wav	01
Ses02F_impro01_F019	 Yeah, but your birth certificate--I mean, who carries around their birth certificate?  Nobody does that.	Ses02F-impro01-05-01-F019.wav	05
Ses02F_impro02_F006	 Their not gonna let you.  You have to stay home and I have to go.  I mean, that's all--	Ses02F-impro02-04-01-F006.wav	04
Ses02F_impro02_F007	 and--I mean, my daughter--I don't want to put her in danger.  You know?  She has to stay.	Ses02F-impro02-04-01-F007.wav	04
Ses04F_impro05_F011	 Look fifty dollars is unacceptable.  My bag itself cost over a hundred and fifty dollars.  You can't just give me fifty dollar gift certificate to Percoes or whatever the hell and then send me off like that's- that's good enough.  Like that's all I needed was fifty dollars.  My bag is worth more than that.	Ses04F-impro05-05-01-F011.wav	05
Ses02F_impro02_F012	 I don't want you in danger.  And I don't want her in danger.	Ses02F-impro02-04-01-F012.wav	04
Ses04F_impro05_F018	 Really, you don't work for anybody.  It's just you?	Ses04F-impro05-05-01-F018.wav	05
Ses04F_impro06_M004	 Well I mean, you know, I mean it was I mean with that kind of condition,	Ses04F-impro06-01-01-M004.wav	01
Ses04F_impro06_M011	 You know I think- I think we should celebrate because I think that's what he would have wanted.	Ses04F-impro06-04-01-M011.wav	04
Ses02F_impro04_M006	 There...There are plenty of people out there with--with like, good jobs, you know, that are a lot...	Ses02F-impro04-01-01-M006.wav	01
Ses02F_impro04_M008	 I know.  It makes it harder.  I mean it's definitely who you know in a lot of cases, but--	Ses02F-impro04-01-01-M008.wav	01
Ses04F_impro07_M031	 Oh, that's right. Okay, I see. Right, right, right.	Ses04F-impro07-01-01-M031.wav	01
Ses02F_impro05_F001	 No, it didn't. um It didn't come out and I don't see it anywhere around here, so what can you do about that?	Ses02F-impro05-01-01-F001.wav	01
Ses04F_impro07_M059	 Or library.	Ses04F-impro07-01-01-M059.wav	01
Ses02F_impro05_M002	 Uh, well some-some of the bags were--were lost on the way over here. uh-	Ses02F-impro05-01-01-M002.wav	01
Ses02F_impro05_M006	 Right.  Uh We realize, you know, that that it's a bad situation, but I'm sorry, there's nothing that we can really do.	Ses02F-impro05-01-01-M006.wav	01
Ses04F_impro07_M071	 Yeah, you don't want to do the sorority thing because you'll probably get used and abused by	Ses04F-impro07-01-01-M071.wav	01
Ses02F_impro05_M009	 Yes, I know. I know-. It's It's frustrating.  Unfortunately though-- um	Ses02F-impro05-01-01-M009.wav	01
Ses02F_impro05_M011	 Right, well, by checking in your bags, you agreed to, you know, at the will of the--	Ses02F-impro05-01-01-M011.wav	01
Ses04F_impro07_M082	 that happened, you know, that was going on.	Ses04F-impro07-01-01-M082.wav	01
Ses04F_impro07_F001	 My acceptance letter.	Ses04F-impro07-07-01-F001.wav	07
Ses04F_impro07_F005	 Big bad acceptance packet with all the information.  I'm going to U.S.C..	Ses04F-impro07-07-01-F005.wav	07
Ses04F_impro07_F006	 I know. [LAUGHTER]	Ses04F-impro07-07-01-F006.wav	07
Ses04F_impro07_F010	 Do you want to buy me some mace for my, you know, going away present?	Ses04F-impro07-07-01-F010.wav	07
Ses02F_impro06_M006	 It's okay.	Ses02F-impro06-01-01-M006.wav	01
Ses04F_impro07_F016	 They have - U.S.C. has everything because U.S.C. is the best school ever.	Ses04F-impro07-07-01-F016.wav	07
Ses04F_impro07_F021	 okay.  Well I'm not going to be undecided forever. [LAUGHTER]	Ses04F-impro07-07-01-F021.wav	07
Ses04F_impro07_F024	 So this works out perfectly.  Because I was worried if I didn't get in to U.S.C., then I would have to go somewhere far away and then-	Ses04F-impro07-07-01-F024.wav	07
Ses04F_impro07_F028	 I know.  We should have a party.	Ses04F-impro07-07-01-F028.wav	07
Ses04F_impro07_F032	 That is why I got accepted.	Ses04F-impro07-07-01-F032.wav	07
Ses04F_impro07_F035	 What- what did you have in mind?	Ses04F-impro07-07-01-F035.wav	07
Ses02F_impro06_F004	 I just don't want him to be gone.	Ses02F-impro06-04-01-F004.wav	04
Ses02F_impro06_F005	 And his whole family was there.	Ses02F-impro06-04-01-F005.wav	04
Ses02F_impro06_F008	 ...the way he wanted to live and he was gonna go to Africa and he was gonna--	Ses02F-impro06-04-01-F008.wav	04
Ses04F_impro07_F049	 Well no.  I mean I have some scholarships and some financial aid and stuff but I'll have to, you know, I'll get a job	Ses04F-impro07-07-01-F049.wav	07
Ses04F_impro07_F052	 I know.  Right down the street.	Ses04F-impro07-07-01-F052.wav	07
Ses04F_impro07_F063	 Social life.  Hello.	Ses04F-impro07-07-01-F063.wav	07
Ses04F_impro07_F066	 No.  But I'm thinking I might, you know, like audition for a play or something.  I don't really want to do the sorority thing.  I'm not really feeling that vibe with the	Ses04F-impro07-07-01-F066.wav	07
Ses02F_impro07_F007	 I know.  I know. And we'll all get to hang out.  And I'm--even though we'll be at like at different parts of the city, we can still, like...	Ses02F-impro07-07-01-F007.wav	07
Ses02F_impro07_F009	 and like-- The football team--And like all the-...you- what I mean, like...	Ses02F-impro07-07-01-F009.wav	07
Ses04F_impro07_M005	 That's awesome.  Congratulations.	Ses04F-impro07-07-01-M005.wav	07
Ses04F_impro07_M034	 Well, that's really cool that you're going to be staying in the same city and everything. so umm	Ses04F-impro07-07-01-M034.wav	07
Ses04F_impro07_M037	 I don't know I just thought that, you know, maybe we could, you know, I don't know.  It's like, you know, just test the waters anyway.  I don't see what the problem is.	Ses04F-impro07-07-01-M037.wav	07
Ses02F_impro07_F019	 Yeah, oh totally.  It's a beautiful campus.  It's gonna be really nice.  Um, and everyone is friendly and like there's ivy on all the walls.  Oh, it's just so--it's so like collegiate.	Ses02F-impro07-07-01-F019.wav	07
Ses04F_impro07_M042	 Oh, so well then you know that it's awesome.	Ses04F-impro07-07-01-M042.wav	07
Ses02F_impro07_F024	 I mean I'm gonna take a bunch of stuff and see.	Ses02F-impro07-07-01-F024.wav	07
Ses02F_impro07_F028	 Student. I'm a student. Yes I am, Thank you very much.	Ses02F-impro07-07-01-F028.wav	07
Ses04F_impro08_F005	 Okay.  Um, and what was the complaint?	Ses04F-impro08-01-01-F005.wav	01
Ses04F_impro08_F008	 Well I'm very sorry, sir.  They should have dealt with it at that particular branch.  I apologize for that, uh, but we can help you.  That's no worries.  We can take care of that.  So how much did you need to be refunded?	Ses04F-impro08-01-01-F008.wav	01
Ses02F_impro07_M005	 ...that's first choice, huh? That's so awesome and now look you're gonna be--you're gonna be here. you know	Ses02F-impro07-07-01-M005.wav	07
Ses02F_impro07_M010	 [LAUGHTER]	Ses02F-impro07-07-01-M010.wav	07
Ses02F_impro08_F021	 All right.  Great.  Well we have a very open flight that leaves at nine a.m. and fortunately uh the time change actually goes um backwards from that.	Ses02F-impro08-01-01-F021.wav	01
Ses02F_impro08_F024	 And a there will also be a shuttle waiting for you to take you to the appropriate hotel.	Ses02F-impro08-01-01-F024.wav	01
Ses02F_impro08_M005	 You- You can do that--You can do that now? I don't have to get like transferred through or anything like that.	Ses02F-impro08-01-01-M005.wav	01
Ses02F_impro08_M007	 All right.  I want to make sure it's like a nice hotel--I mean-mean I'm gonna be paying a lot of money for this so I don't wanna-I don't wanna, you know, I don't wanna to be a waste of time.	Ses02F-impro08-01-01-M007.wav	01
Ses02F_impro08_M018	 All right.  So we're confirmed then or do you--All right.	Ses02F-impro08-01-01-M018.wav	01
Ses04M_impro01_M000	 Yeah, hi.  Um, look, I -- all I'm trying to do right now is renew my license plate.  That's all.  I just need to get one of those little stickers.	Ses04M-impro01-01-01-M000.wav	01
Ses04M_impro02_F020	 When do you leave?	Ses04M-impro02-04-01-F020.wav	04
Ses04M_impro03_F003	 [LAUGHTER] Well you paint a romantic picture.	Ses04M-impro03-07-01-F003.wav	07
Ses04M_impro03_F006	 I can't believe this.  You're getting married. It's crazy!	Ses04M-impro03-07-01-F006.wav	07
Ses04M_impro03_F017	 I'm so excited for you. That's great. I'm so-	Ses04M-impro03-07-01-F017.wav	07
Ses04M_impro03_M019	 It's big and shiny.  I don't know.  It's silver and--	Ses04M-impro03-07-01-M019.wav	07
Ses04M_impro04_F002	 Have you gone, like, signed up with a temp agency?  Maybe they can help.	Ses04M-impro04-01-01-F002.wav	01
Ses04M_impro04_F005	 Well, I mean, if it's that bad, maybe you're gonna have to take something that doesn't really fit, you know.  Like maybe you'll have to do something else for a while.  Find a new field, new skill.	Ses04M-impro04-01-01-F005.wav	01
Ses04M_impro04_F006	 Well then you're choosing to be unemployed, really.	Ses04M-impro04-01-01-F006.wav	01
Ses04M_impro04_F013	 You didn't do what I told you to do.	Ses04M-impro04-01-01-F013.wav	01
Ses02M_impro01_F002	 do you have two forms of ID with you?	Ses02M-impro01-01-01-F002.wav	01
Ses02M_impro01_F003	 I actually need two forms of ID. I need either a passport or a birth certificate, or social security card. I'm sorry.	Ses02M-impro01-01-01-F003.wav	01
Ses04M_impro04_M004	 there's just like no jobs available.  I mean, it's just like, God.	Ses04M-impro04-01-01-M004.wav	01
Ses04M_impro04_M022	 Yours.  I don't--	Ses04M-impro04-01-01-M022.wav	01
Ses02M_impro01_M001	 Yea. I just want to get this done,	Ses02M-impro01-01-01-M001.wav	01
Ses04M_impro05_F006	 Uh. Okay.  I -- first of all, I'm very sorry you lost your bag.	Ses04M-impro05-01-01-F006.wav	01
Ses04M_impro05_F008	 refund--coverage of the bag that was lost. yes	Ses04M-impro05-01-01-F008.wav	01
Ses04M_impro05_F009	 That's our policy, sir.	Ses04M-impro05-01-01-F009.wav	01
Ses04M_impro05_F010	 I can't do that.	Ses04M-impro05-01-01-F010.wav	01
Ses02M_impro02_F001	 I'm going to miss you too; I don't know what I'm going to do here without you. It's going to be so lonely, and so hard.	Ses02M-impro02-04-01-F001.wav	04
Ses04M_impro05_M014	 No, no, because, look, I don't care what your policy says.  I mean--	Ses04M-impro05-05-01-M014.wav	05
Ses02M_impro02_F010	 I mean can't they put you in like, you know kitchen work or something where you won't get	Ses02M-impro02-04-01-F010.wav	04
Ses04M_impro05_M039	 I'm already calm. Okay, I'm calm. I'm calm.	Ses04M-impro05-05-01-M039.wav	05
Ses02M_impro02_F013	 Our baby needs a dad; you can't leave. Okay, you can't disappear.	Ses02M-impro02-04-01-F013.wav	04
Ses02M_impro02_M000	 I know, I know. I don't want to go either baby. I love you know. And I'm going to miss you a lot.	Ses02M-impro02-04-01-M000.wav	04
Ses02M_impro02_M001	 You won't be. I'll be back; I'll be back before you know it. All right, and	Ses02M-impro02-04-01-M001.wav	04
Ses02M_impro02_M009	 I've never been - I've never been away from you for two weeks let alone a year.	Ses02M-impro02-04-01-M009.wav	04
Ses04M_impro06_F017	 I know.	Ses04M-impro06-04-01-F017.wav	04
Ses04M_impro06_M002	 a major part of your life and then they're gone.  And I don't know.  That's not really -- it's never really happened to me before.	Ses04M-impro06-04-01-M002.wav	04
Ses04M_impro06_M005	 I just -- it's just not fair.	Ses04M-impro06-04-01-M005.wav	04
Ses02M_impro03_F024	 Golly, it just makes me all like romantic inside, like I really want that to happen to me. [LAUGHTER]	Ses02M-impro03-07-01-F024.wav	07
Ses02M_impro03_F028	 Yay, well congratulations, that's so cool. [BREATHING] I can't wait.	Ses02M-impro03-07-01-F028.wav	07
Ses04M_impro06_M008	 [BREATHING] I mean, there's nothing really to talk about.  He's gone and I'll never see him again.	Ses04M-impro06-04-01-M008.wav	04
Ses02M_impro03_M005	 Yes, she said yes. [LAUGHTER] I know	Ses02M-impro03-07-01-M005.wav	07
Ses04M_impro06_M017	 Yeah.	Ses04M-impro06-04-01-M017.wav	04
Ses02M_impro03_M024	 Yea, yea, I'm not too sure where yet I guess you know, I kind of got to figure some stuff out here first	Ses02M-impro03-07-01-M024.wav	07
Ses02M_impro03_M030	 Yes, well, Thanks, thanks. Thank you. yeah	Ses02M-impro03-07-01-M030.wav	07
Ses02M_impro04_F001	 You've been doing a lot of work for it, right?	Ses02M-impro04-01-01-F001.wav	01
Ses04M_impro07_M025	 Ouch.  That's, um -- oh, wow.	Ses04M-impro07-01-01-M025.wav	01
Ses02M_impro04_F006	 Well, I mean you're still here you've tried for this long so I think that says something all in itself.	Ses02M-impro04-01-01-F006.wav	01
Ses04M_impro07_M042	 'cause, you know, I mean, it's like If I ever want to go south of campus	Ses04M-impro07-01-01-M042.wav	01
Ses02M_impro04_M014	 I don't know, it's just not, I don't know - I don't know what to do really, you know, I'm just thinking	Ses02M-impro04-04-01-M014.wav	04
Ses04M_impro07_F004	 That's amazing.  I've seen it on TV. Um, Wow.  I mean, well what are you going to major in?  What are you going to do?	Ses04M-impro07-07-01-F004.wav	07
Ses02M_impro04_M019	 this doesn't happen to a normal person.	Ses02M-impro04-05-01-M019.wav	05
Ses02M_impro05_F001	 Oh, did you check? Did you make sure as it went around the second time that it-	Ses02M-impro05-01-01-F001.wav	01
Ses02M_impro05_F007	 Um, well, sometimes there is just difficulties with loading on to the plane. Uh- There can be a theft or uh- some sort of you know mishap with a cart or something.	Ses02M-impro05-01-01-F007.wav	01
Ses04M_impro07_F016	 Give or take. [LAUGHTER]	Ses04M-impro07-07-01-F016.wav	07
Ses04M_impro07_F022	 But, congrats on the U.S.C. thing.	Ses04M-impro07-07-01-F022.wav	07
Ses02M_impro05_M016	 Theft? Don't you know like all these people that are work - you keep like an eye on them, how can they get away with-	Ses02M-impro05-05-01-M016.wav	05
Ses04M_impro08_M024	 You know, so- I mean, are you doing anything later?  Or um	Ses04M-impro08-01-01-M024.wav	01
Ses04M_impro08_M025	 Oh, I don't know.  I mean, I don't know.  I just thought, you know, maybe you want to get some co--I mean, I'm actually -- wait, where do you live?  Oh, you're in Los Angeles, I see.  Oh, no, that sucks 'cause I'm in, actually in Alabama.	Ses04M-impro08-01-01-M025.wav	01
Ses04M_impro08_M027	 if you ever come out to Montgomery, I mean, you know, just -- just call up, you know, call up the operator and I'll-- I'll be here. So, um.	Ses04M-impro08-01-01-M027.wav	01
Ses02M_impro06_F012	 Even if you still do she'll- she'll be there.	Ses02M-impro06-04-01-F012.wav	04
Ses02M_impro06_F018	 Yes.	Ses02M-impro06-04-01-F018.wav	04
Ses02M_impro06_M008	 It's just that- I don't know, it's sort it's sort- of a weird thing you know	Ses02M-impro06-04-01-M008.wav	04
Ses02M_impro06_M009	 not being able to see anyone again, who knows where they really went, you know. I mean, I guess we can just hope that wherever they are now if it's anywhere that it's better I mean.	Ses02M-impro06-04-01-M009.wav	04
Ses02M_impro06_M023	 Thank you.	Ses02M-impro06-04-01-M023.wav	04
Ses02M_impro07_F006	 big packet is gotta be the real thing. yeah	Ses02M-impro07-07-01-F006.wav	07
Ses02M_impro07_F013	 Oh, yay. Thank you. [LAUGHTER].	Ses02M-impro07-07-01-F013.wav	07
Ses02M_impro07_M020	 Yeah. Right. A cult. I'm looking forward to being in the cult.	Ses02M-impro07-07-01-M020.wav	07
Ses02M_impro07_M029	 I mean you got to - you got to show me the ropes 'cause I've never been there before so I mean you know your way around already and- [LAUGHTER]	Ses02M-impro07-07-01-M029.wav	07
Ses02M_impro08_F008	 Uh, I don't know where it came from and it's actually quite large, and I don't have the money for it so	Ses02M-impro08-01-01-F008.wav	01
Ses02M_impro08_F010	 Okay, it was um- at the [GARBAGE] sorry, it was at a department store, I think it was Macy's or something	Ses02M-impro08-01-01-F010.wav	01
Ses02M_impro08_M004	 pretend like your on a rotary phone, goes straight through to a person.	Ses02M-impro08-01-01-M004.wav	01
Ses02M_impro08_M005	 I know they don't tell you that kind of thing.	Ses02M-impro08-01-01-M005.wav	01
Ses02M_impro08_M012	 So- So you can um find that application. You have the Internet, you can go to our website.	Ses02M-impro08-01-01-M012.wav	01
Ses02M_impro08_M013	 Yeah. Yeah. You get the form right now. and- yeah	Ses02M-impro08-01-01-M013.wav	01
Ses02M_impro08_M014	 We could mail it to you as well, but-	Ses02M-impro08-01-01-M014.wav	01
Ses02M_impro08_M021	 so it is a little a little hard in that situation if you want -- you know you can -um- we can- we can issue another credit card.	Ses02M-impro08-01-01-M021.wav	01
Ses02M_impro08_M028	 if you're ever online or anything like that I mean just make sure it's a secure site and	Ses02M-impro08-01-01-M028.wav	01
Ses05F_impro01_M003	 Well, I have no camera here.  I can't help you at all here, ma'am.  I have forms for something completely different.  You need to go to a different place.	Ses05F-impro01-01-01-M003.wav	01
Ses05F_impro02_F009	 I know.  I know.	Ses05F-impro02-04-01-F009.wav	04
Ses05F_impro02_F012	 I think infantry.  I'm not sure.	Ses05F-impro02-04-01-F012.wav	04
Ses05F_impro02_F021	 I don't think there's anything we can do.	Ses05F-impro02-04-01-F021.wav	04
Ses05F_impro02_F029	 We'll figure something out.  We just have to ... we just have to think about this.  Could any of your family help us?	Ses05F-impro02-04-01-F029.wav	04
Ses05F_impro02_M024	 I'll tell them I'm sick and that you can't leave something.	Ses05F-impro02-04-01-M024.wav	04
Ses05F_impro02_M033	 Yeah.  I guess.  I don't know what they're going to say.	Ses05F-impro02-04-01-M033.wav	04
Ses05F_impro02_M036	 All the time, every day, every day.  They have e-mail over there and stuff like that, right? I can send you pictures.	Ses05F-impro02-04-01-M036.wav	04
Ses05F_impro03_M039	 Of course, of course she will ... of course she will.  Yeah, don't go and disappear like everyone else after they get married and I never see them again.  That'll make me mad.  You don't want to make me mad.  You know how I get when I get mad.	Ses05F-impro03-07-01-M039.wav	07
Ses03F_impro02_F019	 But it- it is for a year.	Ses03F-impro02-04-01-F019.wav	04
Ses03F_impro02_F021	 You know as much as -as much as me that I-I want to stay here with you and Amy so bad, but I can't.	Ses03F-impro02-04-01-F021.wav	04
Ses03F_impro02_F023	 Babe, I love you.	Ses03F-impro02-04-01-F023.wav	04
Ses05F_impro04_F041	 Bartending, catering.	Ses05F-impro04-01-01-F041.wav	01
Ses03F_impro02_F041	 I didn't expect this to happen. I never planned for this. Some things you just don't plan for, you know.	Ses03F-impro02-04-01-F041.wav	04
Ses05F_impro04_M012	 Well, what are you going to do about it to make it different?	Ses05F-impro04-01-01-M012.wav	01
Ses03F_impro02_M018	 I don't know if I can handle you going another year.	Ses03F-impro02-04-01-M018.wav	04
Ses05F_impro04_M016	 Well, just don't give up. And there's- you know, You never know, something might be around the corner tomorrow.	Ses05F-impro04-01-01-M016.wav	01
Ses03F_impro02_M031	 All right, then.	Ses03F-impro02-04-01-M031.wav	04
Ses05F_impro04_M027	 And you've got to think--well, ask yourself why are they not hiring you?	Ses05F-impro04-01-01-M027.wav	01
Ses03F_impro02_F007	 Well umm- actually they--I was promoted.	Ses03F-impro02-07-01-F007.wav	07
Ses03F_impro03_F004	 at the end of the performance, you know, like we're all clapping and stuff. And all of a sudden I look over and	Ses03F-impro03-07-01-F004.wav	07
Ses03F_impro03_F005	 Joe's gone. -where did he go, you know?	Ses03F-impro03-07-01-F005.wav	07
Ses05F_impro04_M033	 Do they give you any specifics as to why they didn't go with you?	Ses05F-impro04-01-01-M033.wav	01
Ses03F_impro03_F008	 goes up there and everyone's clapping and he's standing there and they put a spotlight on him.	Ses03F-impro03-07-01-F008.wav	07
Ses05F_impro04_M037	 Everyone wants to be a working actor, but they all work at something else.	Ses05F-impro04-01-01-M037.wav	01
Ses05F_impro04_M043	 You know I'll always help you.	Ses05F-impro04-01-01-M043.wav	01
Ses05F_impro04_F000	 Brian, I need help.	Ses05F-impro04-04-01-F000.wav	04
Ses05F_impro04_F016	 Where am I supposed to go?  I mean, like what?	Ses05F-impro04-04-01-F016.wav	04
Ses05F_impro04_F019	 I'm just worried.	Ses05F-impro04-04-01-F019.wav	04
Ses03F_impro04_M003	 If you really want to do it-I mean,	Ses03F-impro04-01-01-M003.wav	01
Ses05F_impro05_F002	 It was Virgin Atlantic coming from London.	Ses05F-impro05-01-01-F002.wav	01
Ses03F_impro04_M008	 You are, you're going to class, you're learning, you're getting better. When you finally get that role you're going to be prepared.	Ses03F-impro04-01-01-M008.wav	01
Ses03F_impro04_M009	 Oh my God, Anna, you're still young. Don't even think about that.	Ses03F-impro04-01-01-M009.wav	01
Ses05F_impro05_M002	 From London, okay. Um- And you went through all your proper checkpoints?	Ses05F-impro05-01-01-M002.wav	01
Ses03F_impro04_M017	 Maybe you could start teaching. I don't know.	Ses03F-impro04-01-01-M017.wav	01
Ses05F_impro05_M009	 Well, as I told you, it left Heath Row and it seems to have arrived here.  But if you can't find it, then-are you sure you know what your bag looks like?	Ses05F-impro05-01-01-M009.wav	01
Ses05F_impro05_M015	 Sentimental value.	Ses05F-impro05-01-01-M015.wav	01
Ses03F_impro05_M008	 and when you sign your ticket we could replace about fifteen percent of what's in the bag.	Ses03F-impro05-01-01-M008.wav	01
Ses03F_impro05_M011	 I think that's kind of stupid, that you put a hundred thousands of dollars in the bag.	Ses03F-impro05-01-01-M011.wav	01
Ses05F_impro05_M025	 Well, we're talking about one bag.  You personally made it here, didn't you?	Ses05F-impro05-01-01-M025.wav	01
Ses05F_impro05_M032	 Well, it's like any kind of insurance.  You don't-when you get it, then you get more. You know, Like if you--	Ses05F-impro05-01-01-M032.wav	01
Ses03F_impro05_F009	 And what if- what if it is lost? Well, what are you guys going to do for me?	Ses03F-impro05-05-01-F009.wav	05
Ses05F_impro05_M034	 Uh, so it was really heavy.	Ses05F-impro05-01-01-M034.wav	01
Ses03F_impro05_F016	 Give me--I'm going to talk to your supervisor. Give me your supervisor. I want to talk to your supervisor right now.	Ses03F-impro05-05-01-F016.wav	05
Ses03F_impro06_M003	 yeah.	Ses03F-impro06-01-01-M003.wav	01
Ses05F_impro05_M051	 So you'd like the fifty dollar voucher?	Ses05F-impro05-01-01-M051.wav	01
Ses03F_impro06_F001	 Yeah. Wow.	Ses03F-impro06-04-01-F001.wav	04
Ses03F_impro06_F003	 It's weird 'cause it's like you expected it to happen and eventually-	Ses03F-impro06-04-01-F003.wav	04
Ses03F_impro06_F012	 so wrong in so many ways.	Ses03F-impro06-04-01-F012.wav	04
Ses05F_impro06_M010	 Is he an actor too, or-?	Ses05F-impro06-01-01-M010.wav	01
Ses03F_impro06_F015	 I know. He was, he had so much going for him.	Ses03F-impro06-04-01-F015.wav	04
Ses05F_impro06_M018	 Cool, Well, If you want me to go with you, I will.	Ses05F-impro06-01-01-M018.wav	01
Ses03F_impro06_F023	 He was like, he was like my brother, you know.	Ses03F-impro06-04-01-F023.wav	04
Ses03F_impro06_F024	 He was my brother.	Ses03F-impro06-04-01-F024.wav	04
Ses05F_impro06_F001	 Oh they had some pretty progressive cancer,	Ses05F-impro06-04-01-F001.wav	04
Ses05F_impro06_F002	 metastasized and it was old and they knew that it wasn't looking good, but-	Ses05F-impro06-04-01-F002.wav	04
Ses03F_impro06_F030	 so I was there for him.	Ses03F-impro06-04-01-F030.wav	04
Ses03F_impro06_F031	 Yeah. God, I loved that kid.	Ses03F-impro06-04-01-F031.wav	04
Ses05F_impro06_F006	 It's hard to watch when it's painful for them, you know.	Ses05F-impro06-04-01-F006.wav	04
Ses03F_impro06_M002	 I didn't know him, Tricia, but uh- I heard that he was a great man.	Ses03F-impro06-04-01-M002.wav	04
Ses05F_impro06_F012	 I feel really bad for his family, you know.	Ses05F-impro06-04-01-F012.wav	04
Ses03F_impro06_M010	 Some people.	Ses03F-impro06-04-01-M010.wav	04
Ses05F_impro06_F021	 It's really bizarre, you know, when you know somebody really well, and then...	Ses05F-impro06-04-01-F021.wav	04
Ses05F_impro06_F023	 really hard to imagine that like you're going to continue to live, and that person's just going to have stopped.	Ses05F-impro06-04-01-F023.wav	04
Ses03F_impro06_M016	 I'm sure he loved you too. He just didn't know it.	Ses03F-impro06-04-01-M016.wav	04
Ses03F_impro07_F015	 We're not twenty one yet, but whatever.	Ses03F-impro07-01-01-F015.wav	01
Ses03F_impro07_F031	 That's going to--that'll be reserved for somebody else.	Ses03F-impro07-01-01-F031.wav	01
Ses05F_impro06_F026	 It's hard to say good-bye.	Ses05F-impro06-04-01-F026.wav	04
Ses05F_impro06_M002	 That's the worst.  I'm so sorry.  Did you know him well?	Ses05F-impro06-04-01-M002.wav	04
Ses05F_impro06_M005	 Absolutely, absolutely.	Ses05F-impro06-04-01-M005.wav	04
Ses03F_impro07_F021	 Awesome. We're both going to be in L.A.	Ses03F-impro07-07-01-F021.wav	07
Ses03F_impro07_F029	 Yeah. Those little-- --mattresses. I'll put it by my bed.	Ses03F-impro07-07-01-F029.wav	07
